Label,Number of Days,Protect Unread,Protect Read,Protect Starred,Protect Important
Looxe,17,,,,
MEETUPS,30,,,1,
Travel,31,,,,
Tickets,21,,,,
Nightlife,14,,,,
Video,20,,,,
Library,44,1,,1,
Language,30,,,,
G+,12,,,,
Bike/Bikeforums,21,,1,1,1
Ads Ads Ads,13,,,1,
Blockbuster,30,,,,
Events/Art,30,,,1,
Events/Photoshop,40,,,1,
Events,41,,,1,1
Facebook,8,,,,
Pix,42,,,1,0
Pix/iStock,15,,,1,
NVIDIA,300,,,1,1
MyTipsy/Lot18,30,,,1,
Events/Munch,21,,,,
Events/Long Now,45,,,1,
Events/Churchill,45,,,1,
Dev/WebGLDev,45,,,1,
Dev/Game Biz,40,,,1,
Dev/Robo,45,,,1,
Facebook/Photographers,55,,,1,
FAM/SCHOOL,90,,,1,
Dev/O3D,55,,,1,
Dev/Robo/Singularity,45,,,1,
Dev/Robo/OpenCog,60,,,1,
Jobs/LinkedIn,90,,,1,1
Notifier,14,,,1,1
